Name,Flag,Code_2,Code_3,Latitude,Longitude
Canada,ğŸ‡¨ğŸ‡¦,CA,CAN,56.130366,-106.346771
United States,ğŸ‡ºğŸ‡¸,US,USA,37.09024,-95.712891
Bahamas,ğŸ‡§ğŸ‡¸,BS,BHM,25.03428,-77.39628
Barbados,ğŸ‡§ğŸ‡§,BB,BRB,13.193887,-59.543198
Anguilla,ğŸ‡¦ğŸ‡®,AI,AIA,18.220554,-63.068615
Antigua and Barbuda,ğŸ‡¦ğŸ‡¬,AG,ATG,17.060816,-61.796428
"Virgin Islands, British",ğŸ‡»ğŸ‡¬,VG,VGB,18.420695,-64.639968
"Virgin Islands, U.S.",ğŸ‡»ğŸ‡®,VI,VIR,18.335765,-64.896335
Bermuda,ğŸ‡§ğŸ‡²,BM,BMU,32.321384,-64.75737
Grenada,ğŸ‡¬ğŸ‡©,GD,GRD,12.262776,-61.604171
Turks and Caicos Islands,ğŸ‡¹ğŸ‡¨,TC,TCA,21.694025,-71.797928
Montserrat,ğŸ‡²ğŸ‡¸,MS,MSR,16.742498,-62.187366
Northern Mariana Islands,ğŸ‡²ğŸ‡µ,MP,MNP,17.33083,145.38469
Guam,ğŸ‡¬ğŸ‡º,GU,GUM,13.444304,144.793731
American Samoa,ğŸ‡¦ğŸ‡¸,AS,ASM,-14.270972,-170.132217
Saint Lucia,ğŸ‡±ğŸ‡¨,LC,LCA,13.909444,-60.978893
Dominica,ğŸ‡©ğŸ‡²,DM,DMA,15.414999,-61.370976
Saint Vincent and the Grenadines,ğŸ‡»ğŸ‡¨,VC,VCT,12.984305,-61.287228
Dominican Republic,ğŸ‡©ğŸ‡´,DO,DOM,18.735693,-70.162651
Trinidad and Tobago,ğŸ‡¹ğŸ‡¹,TT,TTO,10.691803,-61.222503
Saint Kitts and Nevis,ğŸ‡°ğŸ‡³,KN,KNA,17.357822,-62.782998
Jamaica,ğŸ‡¯ğŸ‡²,JM,JAM,18.109581,-77.297508
Puerto Rico,ğŸ‡µğŸ‡·,PR,PRI,18.220833,-66.590149
Egypt,ğŸ‡ªğŸ‡¬,EG,EGY,26.820553,30.802498
South Sudan,ğŸ‡¸ğŸ‡¸,SS,SSD,#N/A,#N/A
Morocco,ğŸ‡²ğŸ‡¦,MA,MAR,31.791702,-7.09262
Algeria,ğŸ‡©ğŸ‡¿,DZ,DZA,28.033886,1.659626
Tunisia,ğŸ‡¹ğŸ‡³,TN,TUN,33.886917,9.537499
Libya,ğŸ‡±ğŸ‡¾,LY,LBY,26.3351,17.228331
Gambia,ğŸ‡¬ğŸ‡²,GM,GMB,13.443182,-15.310139
Senegal,ğŸ‡¸ğŸ‡³,SN,SEN,14.497401,-14.452362
Mauritania,ğŸ‡²ğŸ‡·,MR,MRT,21.00789,-10.940835
Mali,ğŸ‡²ğŸ‡±,ML,MLI,17.570692,-3.996166
Guinea,ğŸ‡¬ğŸ‡³,GN,GIN,9.945587,-9.696645
Cote d'Ivoire,ğŸ‡¨ğŸ‡®,CI,CIV,7.539989,-5.54708
Burkina Faso,ğŸ‡§ğŸ‡«,BF,BFA,12.238333,-1.561593
Niger,ğŸ‡³ğŸ‡ª,NE,NER,17.607789,8.081666
Togo,ğŸ‡¹ğŸ‡¬,TG,TGO,8.619543,0.824782
Benin,ğŸ‡§ğŸ‡¯,BJ,BEN,9.30769,2.315834
Mauritius,ğŸ‡²ğŸ‡º,MU,MUS,-20.348404,57.552152
Liberia,ğŸ‡±ğŸ‡·,LR,LBR,6.428055,-9.429499
Sierra Leone,ğŸ‡¸ğŸ‡±,SL,SLE,8.460555,-11.779889
Ghana,ğŸ‡¬ğŸ‡­,GH,GHA,7.946527,-1.023194
Nigeria,ğŸ‡³ğŸ‡¬,NG,NGA,9.081999,8.675277
Chad,ğŸ‡¹ğŸ‡©,TD,TCD,15.454166,18.732207
Central African Republic,ğŸ‡¨ğŸ‡«,CF,CAF,6.611111,20.939444
Cameroon,ğŸ‡¨ğŸ‡²,CM,CMR,7.369722,12.354722
Cape Verde,ğŸ‡¨ğŸ‡»,CV,CPV,16.002082,-24.013197
Sao Tome and Principe,ğŸ‡¸ğŸ‡¹,ST,STP,0.18636,6.613081
Equatorial Guinea,ğŸ‡¬ğŸ‡¶,GQ,GNQ,1.650801,10.267895
Gabon,ğŸ‡¬ğŸ‡¦,GA,GAB,-0.803689,11.609444
Congo,ğŸ‡¨ğŸ‡¬,CG,COG,-0.228021,15.827659
"Congo, The Democratic Republic of the Congo",ğŸ‡¨ğŸ‡©,CD,COD,-4.038333,21.758664
Angola,ğŸ‡¦ğŸ‡´,AO,AGO,-11.202692,17.873887
Guinea-Bissau,ğŸ‡¬ğŸ‡¼,GW,GNB,11.803749,-15.180413
British Indian Ocean Territory,ğŸ‡®ğŸ‡´,IO,IOT,-6.343194,71.876519
Seychelles,ğŸ‡¸ğŸ‡¨,SC,SYC,-4.679574,55.491977
Sudan,ğŸ‡¸ğŸ‡©,SD,SDN,12.862807,30.217636
Rwanda,ğŸ‡·ğŸ‡¼,RW,RWA,-1.940278,29.873888
Ethiopia,ğŸ‡ªğŸ‡¹,ET,ETH,9.145,40.489673
Somalia,ğŸ‡¸ğŸ‡´,SO,SOM,5.152149,46.199616
Djibouti,ğŸ‡©ğŸ‡¯,DJ,DJI,11.825138,42.590275
Kenya,ğŸ‡°ğŸ‡ª,KE,KEN,-0.023559,37.906193
Tanzania,ğŸ‡¹ğŸ‡¿,TZ,TZA,-6.369028,34.888822
Uganda,ğŸ‡ºğŸ‡¬,UG,UGA,1.373333,32.290275
Burundi,ğŸ‡§ğŸ‡®,BI,BDI,-3.373056,29.918886
Mozambique,ğŸ‡²ğŸ‡¿,MZ,MOZ,-18.665695,35.529562
Zambia,ğŸ‡¿ğŸ‡²,ZM,ZMB,-13.133897,27.849332
Madagascar,ğŸ‡²ğŸ‡¬,MG,MDG,-18.766947,46.869107
French Southern Territories,ğŸ‡¹ğŸ‡«,TF,ATF,-49.280366,69.348557
Mayotte,ğŸ‡¾ğŸ‡¹,YT,MYT,-12.8275,45.166244
Reunion,ğŸ‡·ğŸ‡ª,RE,REU,-21.115141,55.536384
Zimbabwe,ğŸ‡¿ğŸ‡¼,ZW,ZWE,-19.015438,29.154857
Namibia,ğŸ‡³ğŸ‡¦,NA,NAM,-22.95764,18.49041
Malawi,ğŸ‡²ğŸ‡¼,MW,MWI,-13.254308,34.301525
Lesotho,ğŸ‡±ğŸ‡¸,LS,LSO,-29.609988,28.233608
Botswana,ğŸ‡§ğŸ‡¼,BW,BWA,-22.328474,24.684866
Swaziland,ğŸ‡¸ğŸ‡¿,SZ,SWZ,-26.522503,31.465866
Comoros,ğŸ‡°ğŸ‡²,KM,COM,-11.875001,43.872219
South Africa,ğŸ‡¿ğŸ‡¦,ZA,ZAF,-30.559482,22.937506
Saint Helena,ğŸ‡¸ğŸ‡­,SH,SHN,-24.143474,-10.030696
Eritrea,ğŸ‡ªğŸ‡·,ER,ERI,15.179384,39.782334
Aruba,ğŸ‡¦ğŸ‡¼,AW,ABW,12.52111,-69.968338
Faroe Islands,ğŸ‡«ğŸ‡´,FO,FRO,61.892635,-6.911806
Greenland,ğŸ‡¬ğŸ‡±,GL,GRL,71.706936,-42.604303
Greece,ğŸ‡¬ğŸ‡·,GR,GRC,39.074208,21.824312
Netherlands,ğŸ‡³ğŸ‡±,NL,NLD,52.132633,5.291266
Belgium,ğŸ‡§ğŸ‡ª,BE,BEL,50.503887,4.469936
France,ğŸ‡«ğŸ‡·,FR,FRA,46.227638,2.213749
Spain,ğŸ‡ªğŸ‡¸,ES,ESP,40.463667,-3.74922
Cayman Islands,ğŸ‡°ğŸ‡¾,KY,CYM,19.513469,-80.566956
Gibraltar,ğŸ‡¬ğŸ‡®,GI,GIB,36.137741,-5.345374
Portugal,ğŸ‡µğŸ‡¹,PT,PRT,39.399872,-8.224454
Luxembourg,ğŸ‡±ğŸ‡º,LU,LUX,49.815273,6.129583
Ireland,ğŸ‡®ğŸ‡ª,IE,IRL,53.41291,-8.24389
Iceland,ğŸ‡®ğŸ‡¸,IS,ISL,64.963051,-19.020835
Albania,ğŸ‡¦ğŸ‡±,AL,ALB,41.153332,20.168331
Malta,ğŸ‡²ğŸ‡¹,MT,MLT,35.937496,14.375416
Cyprus,ğŸ‡¨ğŸ‡¾,CY,CYP,35.126413,33.429859
Ã…land Islands,ğŸ‡¦ğŸ‡½,AX,ALA,#N/A,#N/A
Finland,ğŸ‡«ğŸ‡®,FI,FIN,61.92411,25.748151
Bulgaria,ğŸ‡§ğŸ‡¬,BG,BGR,42.733883,25.48583
Hungary,ğŸ‡­ğŸ‡º,HU,HUN,47.162494,19.503304
Lithuania,ğŸ‡±ğŸ‡¹,LT,LTU,55.169438,23.881275
Latvia,ğŸ‡±ğŸ‡»,LV,LVA,56.879635,24.603189
Estonia,ğŸ‡ªğŸ‡ª,EE,EST,58.595272,25.013607
Moldova,ğŸ‡²ğŸ‡©,MD,MDA,47.411631,28.369885
Armenia,ğŸ‡¦ğŸ‡²,AM,ARM,40.069099,45.038189
Belarus,ğŸ‡§ğŸ‡¾,BY,BLR,53.709807,27.953389
Andorra,ğŸ‡¦ğŸ‡©,AD,AND,42.546245,1.601554
Monaco,ğŸ‡²ğŸ‡¨,MC,MCO,43.750298,7.412841
San Marino,ğŸ‡¸ğŸ‡²,SM,SMR,43.94236,12.457777
Vatican City,ğŸ‡»ğŸ‡¦,VA,VAT,41.902916,12.453389
Ukraine,ğŸ‡ºğŸ‡¦,UA,UKR,48.379433,31.16558
Serbia,ğŸ‡·ğŸ‡¸,RS,SRB,44.016521,21.005859
Montenegro,ğŸ‡²ğŸ‡ª,ME,MNE,42.708678,19.37439
Kosovo,ğŸ‡½ğŸ‡°,XK,KSV,42.602636,20.902977
Croatia,ğŸ‡­ğŸ‡·,HR,HRV,45.1,15.2
Slovenia,ğŸ‡¸ğŸ‡®,SI,SVN,46.151241,14.995463
Bosnia and Herzegovina,ğŸ‡§ğŸ‡¦,BA,BIH,43.915886,17.679076
North Macedonia,ğŸ‡²ğŸ‡°,MK,MKD,41.608635,21.745275
Italy,ğŸ‡®ğŸ‡¹,IT,ITA,41.87194,12.56738
Romania,ğŸ‡·ğŸ‡´,RO,ROU,45.943161,24.96676
Switzerland,ğŸ‡¨ğŸ‡­,CH,CHE,46.818188,8.227512
Czech Republic,ğŸ‡¨ğŸ‡¿,CZ,CZE,49.817492,15.472962
Slovakia,ğŸ‡¸ğŸ‡°,SK,SVK,48.669026,19.699024
Liechtenstein,ğŸ‡±ğŸ‡®,LI,LIE,47.166,9.555373
Austria,ğŸ‡¦ğŸ‡¹,AT,AUT,47.516231,14.550072
Guernsey,ğŸ‡¬ğŸ‡¬,GG,GGY,49.465691,-2.585278
Isle of Man,ğŸ‡®ğŸ‡²,IM,IMN,54.236107,-4.548056
Jersey,ğŸ‡¯ğŸ‡ª,JE,JEY,49.214439,-2.13125
United Kingdom,ğŸ‡¬ğŸ‡§,GB,GBR,55.378051,-3.435973
Denmark,ğŸ‡©ğŸ‡°,DK,DNK,56.26392,9.501785
Sweden,ğŸ‡¸ğŸ‡ª,SE,SWE,60.128161,18.643501
Bouvet Island,ğŸ‡§ğŸ‡»,BV,BVT,-54.423199,3.413194
Norway,ğŸ‡³ğŸ‡´,NO,NOR,60.472024,8.468946
Svalbard and Jan Mayen,ğŸ‡¸ğŸ‡¯,SJ,SJM,77.553604,23.670272
Poland,ğŸ‡µğŸ‡±,PL,POL,51.919438,19.145136
Germany,ğŸ‡©ğŸ‡ª,DE,DEU,51.165691,10.451526
Falkland Islands,ğŸ‡«ğŸ‡°,FK,FLK,-51.796253,-59.523613
South Georgia and the South Sandwich Islands,ğŸ‡¬ğŸ‡¸,GS,SGS,-54.429579,-36.587909
Belize,ğŸ‡§ğŸ‡¿,BZ,BLZ,17.189877,-88.49765
Guatemala,ğŸ‡¬ğŸ‡¹,GT,GTM,15.783471,-90.230759
El Salvador,ğŸ‡¸ğŸ‡»,SV,SLV,13.794185,-88.89653
Honduras,ğŸ‡­ğŸ‡³,HN,HND,15.199999,-86.241905
Nicaragua,ğŸ‡³ğŸ‡®,NI,NIC,12.865416,-85.207229
Costa Rica,ğŸ‡¨ğŸ‡·,CR,CRI,9.748917,-83.753428
Panama,ğŸ‡µğŸ‡¦,PA,PAN,8.537981,-80.782127
Saint Pierre and Miquelon,ğŸ‡µğŸ‡²,PM,SPM,46.941936,-56.27111
Haiti,ğŸ‡­ğŸ‡¹,HT,HTI,18.971187,-72.285215
Peru,ğŸ‡µğŸ‡ª,PE,PER,-9.189967,-75.015152
Mexico,ğŸ‡²ğŸ‡½,MX,MEX,23.634501,-102.552784
Cuba,ğŸ‡¨ğŸ‡º,CU,CUB,21.521757,-77.781167
Argentina,ğŸ‡¦ğŸ‡·,AR,ARG,-38.416097,-63.616672
Brazil,ğŸ‡§ğŸ‡·,BR,BRA,-14.235004,-51.92528
Chile,ğŸ‡¨ğŸ‡±,CL,CHL,-35.675147,-71.542969
Colombia,ğŸ‡¨ğŸ‡´,CO,COL,4.570868,-74.297333
Venezuela,ğŸ‡»ğŸ‡ª,VE,VEN,6.42375,-66.58973
Guadeloupe,ğŸ‡¬ğŸ‡µ,GP,GLP,16.995971,-62.067641
Saint Barthelemy,ğŸ‡§ğŸ‡±,BL,BLM,#N/A,#N/A
Saint Martin,ğŸ‡²ğŸ‡«,MF,MAF,#N/A,#N/A
Bolivia,ğŸ‡§ğŸ‡´,BO,BOL,-16.290154,-63.588653
Guyana,ğŸ‡¬ğŸ‡¾,GY,GUY,4.860416,-58.93018
Ecuador,ğŸ‡ªğŸ‡¨,EC,ECU,-1.831239,-78.183406
French Guiana,ğŸ‡¬ğŸ‡«,GF,GUF,3.933889,-53.125782
Paraguay,ğŸ‡µğŸ‡¾,PY,PRY,-23.442503,-58.443832
Martinique,ğŸ‡²ğŸ‡¶,MQ,MTQ,14.641528,-61.024174
Suriname,ğŸ‡¸ğŸ‡·,SR,SUR,3.919305,-56.027783
Uruguay,ğŸ‡ºğŸ‡¾,UY,URY,-32.522779,-55.765835
Netherlands Antilles,,AN,ANT,12.226079,-69.060087
Malaysia,ğŸ‡²ğŸ‡¾,MY,MYS,4.210484,101.975766
Australia,ğŸ‡¦ğŸ‡º,AU,AUS,-25.274398,133.775136
Christmas Island,ğŸ‡¨ğŸ‡½,CX,CXR,-10.447525,105.690449
Cocos (Keeling) Islands,ğŸ‡¨ğŸ‡¨,CC,CCK,-12.164165,96.870956
Indonesia,ğŸ‡®ğŸ‡©,ID,IDN,-0.789275,113.921327
Philippines,ğŸ‡µğŸ‡­,PH,PHL,12.879721,121.774017
New Zealand,ğŸ‡³ğŸ‡¿,NZ,NZL,-40.900557,174.885971
Pitcairn Islands,ğŸ‡µğŸ‡³,PN,PCN,-24.703615,-127.439308
Singapore,ğŸ‡¸ğŸ‡¬,SG,SGP,1.352083,103.819836
Thailand,ğŸ‡¹ğŸ‡­,TH,THA,15.870032,100.992541
Timor-Leste,ğŸ‡¹ğŸ‡±,TL,TLS,-8.874217,125.727539
Antarctica,ğŸ‡¦ğŸ‡¶,AQ,ATA,-75.250973,-0.071389
Heard Island and Mcdonald Islands,ğŸ‡­ğŸ‡²,HM,HMD,-53.08181,73.504158
Norfolk Island,ğŸ‡³ğŸ‡«,NF,NFK,-29.040835,167.954712
Brunei,ğŸ‡§ğŸ‡³,BN,BRN,4.535277,114.727669
Nauru,ğŸ‡³ğŸ‡·,NR,NRU,-0.522778,166.931503
Papua New Guinea,ğŸ‡µğŸ‡¬,PG,PNG,-6.314993,143.95555
Tonga,ğŸ‡¹ğŸ‡´,TO,TON,-21.178986,-175.198242
Solomon Islands,ğŸ‡¸ğŸ‡§,SB,SLB,-9.64571,160.156194
Vanuatu,ğŸ‡»ğŸ‡º,VU,VUT,-15.376706,166.959158
Fiji,ğŸ‡«ğŸ‡¯,FJ,FJI,-16.578193,179.414413
Palau,ğŸ‡µğŸ‡¼,PW,PLW,7.51498,134.58252
Wallis and Futuna,ğŸ‡¼ğŸ‡«,WF,WLF,-13.768752,-177.156097
Cook Islands,ğŸ‡¨ğŸ‡°,CK,COK,-21.236736,-159.777671
Niue,ğŸ‡³ğŸ‡º,NU,NIU,-19.054445,-169.867233
Samoa,ğŸ‡¼ğŸ‡¸,WS,WSM,-13.759029,-172.104629
Kiribati,ğŸ‡°ğŸ‡®,KI,KIR,-3.370417,-168.734039
New Caledonia,ğŸ‡³ğŸ‡¨,NC,NCL,-20.904305,165.618042
Tuvalu,ğŸ‡¹ğŸ‡»,TV,TUV,-7.109535,177.64933
French Polynesia,ğŸ‡µğŸ‡«,PF,PYF,-17.679742,-149.406843
Tokelau,ğŸ‡¹ğŸ‡°,TK,TKL,-8.967363,-171.855881
Federated States of Micronesia,ğŸ‡«ğŸ‡²,FM,FSM,7.425554,150.550812
Marshall Islands,ğŸ‡²ğŸ‡­,MH,MHL,7.131474,171.184478
Kazakhstan,ğŸ‡°ğŸ‡¿,KZ,KAZ,48.019573,66.923684
Russia,ğŸ‡·ğŸ‡º,RU,RUS,61.52401,105.318756
Japan,ğŸ‡¯ğŸ‡µ,JP,JPN,36.204824,138.252924
South Korea,ğŸ‡°ğŸ‡·,KR,KOR,35.907757,127.766922
Vietnam,ğŸ‡»ğŸ‡³,VN,VNM,14.058324,108.277199
North Korea,ğŸ‡°ğŸ‡µ,KP,PRK,40.339852,127.510093
Hong Kong,ğŸ‡­ğŸ‡°,HK,HKG,22.396428,114.109497
Macao,ğŸ‡²ğŸ‡´,MO,MAC,22.198745,113.543873
Cambodia,ğŸ‡°ğŸ‡­,KH,KHM,12.565679,104.990963
Laos,ğŸ‡±ğŸ‡¦,LA,LAO,19.85627,102.495496
China,ğŸ‡¨ğŸ‡³,CN,CHN,35.86166,104.195397
Bangladesh,ğŸ‡§ğŸ‡©,BD,BGD,23.684994,90.356331
Taiwan,ğŸ‡¹ğŸ‡¼,TW,TWN,23.69781,120.960515
Turkey,ğŸ‡¹ğŸ‡·,TR,TUR,38.963745,35.243322
India,ğŸ‡®ğŸ‡³,IN,IND,20.593684,78.96288
Pakistan,ğŸ‡µğŸ‡°,PK,PAK,30.375321,69.345116
Afghanistan,ğŸ‡¦ğŸ‡«,AF,AFG,33.93911,67.709953
Sri Lanka,ğŸ‡±ğŸ‡°,LK,LKA,7.873054,80.771797
Myanmar,ğŸ‡²ğŸ‡²,MM,MMR,21.913965,95.956223
Maldives,ğŸ‡²ğŸ‡»,MV,MDV,3.202778,73.22068
Lebanon,ğŸ‡±ğŸ‡§,LB,LBN,33.854721,35.862285
Jordan,ğŸ‡¯ğŸ‡´,JO,JOR,30.585164,36.238414
Syria,ğŸ‡¸ğŸ‡¾,SY,SYR,34.802075,38.996815
Iraq,ğŸ‡®ğŸ‡¶,IQ,IRQ,33.223191,43.679291
Kuwait,ğŸ‡°ğŸ‡¼,KW,KWT,29.31166,47.481766
Saudi Arabia,ğŸ‡¸ğŸ‡¦,SA,SAU,23.885942,45.079162
Yemen,ğŸ‡¾ğŸ‡ª,YE,YEM,15.552727,48.516388
Oman,ğŸ‡´ğŸ‡²,OM,OMN,21.512583,55.923255
State of Palestine,ğŸ‡µğŸ‡¸,PS,PSE,31.952162,35.233154
United Arab Emirates,ğŸ‡¦ğŸ‡ª,AE,ARE,23.424076,53.847818
Israel,ğŸ‡®ğŸ‡±,IL,ISR,31.046051,34.851612
Bahrain,ğŸ‡§ğŸ‡­,BH,BHR,25.930414,50.637772
Qatar,ğŸ‡¶ğŸ‡¦,QA,QAT,25.354826,51.183884
Bhutan,ğŸ‡§ğŸ‡¹,BT,BTN,27.514162,90.433601
Mongolia,ğŸ‡²ğŸ‡³,MN,MNG,46.862496,103.846656
Nepal,ğŸ‡³ğŸ‡µ,NP,NPL,28.394857,84.124008
Iran,ğŸ‡®ğŸ‡·,IR,IRN,32.427908,53.688046
Tajikistan,ğŸ‡¹ğŸ‡¯,TJ,TJK,38.861034,71.276093
Turkmenistan,ğŸ‡¹ğŸ‡²,TM,TKM,38.969719,59.556278
Azerbaijan,ğŸ‡¦ğŸ‡¿,AZ,AZE,40.143105,47.576927
Georgia,ğŸ‡¬ğŸ‡ª,GE,GEO,42.315407,43.356892
Kyrgyzstan,ğŸ‡°ğŸ‡¬,KG,KGZ,41.20438,74.766098
Uzbekistan,ğŸ‡ºğŸ‡¿,UZ,UZB,41.377491,64.585262
